{
    "num_samples": 150,
    "mean_accuracy": 0.3913829770733795,
    "mean_precision": 0.5149617003911126,
    "mean_recall": 0.5819743491802316,
    "mean_f1": 0.4842665792741594
}